FID,BUILDINGID,FACILITYKE,SHORTNAME,LONGNAME,FLOORCOUNT,x,y
0, ,701, ,West Apartment 701,2,-119.872427962000000,34.417892303499997
1, ,876, ,Loma Pelona Multipurpose Center,1,-119.851805846999990,34.410531902700001
2, ,845, ,San Clemente Encino 845 Apartments,3,-119.858048577000010,34.417999746900001
3, ,860, ,Santa Catalina Residence Hall,10,-119.868023398999990,34.417917497500000
4, ,707, ,West Apartment 707,2,-119.871206091999990,34.418321626199997
5, ,232, ,Trailer 232,1,-119.843500870000000,34.415979796899997
6, ,709, ,West Apartment 709,2,-119.870866633000010,34.418743676100000
7, ,933, ,Building 933,0,-119.871518437000010,34.413028668999999
8, ,924, ,Building 924,0,-119.871077392999990,34.412324435800002
9, ,376, ,Police Trailer,1,-119.852985756000000,34.422051506899997
10, ,1127, ,Building 1127,3,-119.870526881999990,34.421900569599998
11, , , , ,0,-119.848379406000010,34.412638654600002
12, ,251, ,Psychology East,4,-119.844590182000000,34.412004893700001
13, ,704, ,West Apartment 704,2,-119.871320342000000,34.418075053300001
14, ,927, ,Storke-Hollister,1,-119.871505514000010,34.412414955000003
15, ,904, ,Building 904,0,-119.871087263000010,34.411287909899997
16, ,277, ,Pollock Theater,2,-119.848805572000000,34.415047111400000
17, ,592, ,Molten Metal Lab,1,-119.849763345000000,34.411734329799998
18, ,538, ,Campbell Hall,2,-119.845248604999990,34.416264009700001
19, ,975, ,Building 975,0,-119.874220627000000,34.411203618599998
20, ,394, ,Santa Cruz Island Facility No 4,1,-119.852095988000000,34.420118857900000
21, ,384, ,Engineering Trailer 384,1,-119.842505470000010,34.413707893700000
22, ,788, ,Storke Apartments 788,3,-119.862549778000000,34.422033846100000
23, ,841, ,San Clemente Arrowhead 841 Apartments,3,-119.854856275000000,34.418265896500003
24, ,966, ,Building 966,0,-119.870181680000000,34.411817027600001
25, ,908, ,Building 908,0,-119.870833984000000,34.411729637100002
26, ,937, ,937,1,-119.871182017000000,34.412727304900002
27, ,7925, ,Building 7924,0,-119.872847218000000,34.412063093599997
28, ,7050, ,West Conference Center 7050,1,-119.876594826000000,34.411562532700003
29, ,223, ,Theater & Dance West,2,-119.851466089000000,34.412358170200001
30, ,782, ,Storke Apartments 782,3,-119.863691730000000,34.422360730100003
31, ,787, ,Storke Apartments 787,3,-119.863196200999990,34.422586504900003
32, ,714, ,West Apartment 714,2,-119.871857406999990,34.417983127100001
33, ,7000, ,Building 7000,0,-119.874777425999990,34.410342149599998
34, ,321, ,Trailer 321,0,-119.843745033000000,34.408179394000001
35, ,524, ,Electric Sub-Station,1,-119.846809947000000,34.417694265999998
36, ,359, ,West Storage 359,1,-119.870687487000000,34.415431751900002
37, ,901, ,Building 901,0,-119.871241011000000,34.411697120900001
38, ,758, ,Storke Apartments 758,2,-119.863391709000000,34.423357217099998
39, ,883, ,Manzanita Village Condor Residence Hall,3,-119.852027895000010,34.408998707199999
40, ,408, ,Building 408,2,-119.844632465000000,34.412663470200002
41, ,967, ,Building 967,0,-119.870038376000000,34.411816520800002
42, ,806, ,Santa Ynez Apartments 806,2,-119.863504459000000,34.418151610599999
43, ,818, ,Santa Ynez Office Shop,1,-119.862060086000000,34.418781354399997
44, ,725, ,West Apartment 725,2,-119.872402935000000,34.418486957299997
45, ,772, ,Storke Apartments 772,2,-119.862293587000000,34.421897468099999
46, ,843, ,San Clemente Castaic 843 Apartments,3,-119.856815123999990,34.417774386600001
47, ,832, ,Santa Ynez Shop 832,1,-119.862436994000010,34.420109796500000
48, ,917, ,Building 917,0,-119.871621696000010,34.411772926700003
49, ,712, ,West Apartment 712,2,-119.871236641000000,34.419029779600002
50, ,810, ,Santa Ynez Apartments 810,2,-119.863106395000000,34.418672323999999
51, ,786, ,Storke Service 786,1,-119.862862131000000,34.422528447700003
52, ,846, ,San Clemente Donner 846 Apartments,3,-119.857467429000000,34.418276381799998
53, ,815, ,Santa Ynez Apartments 815,1,-119.861740567000000,34.419155663300003
54, ,767, ,Storke Apartments 767,3,-119.863192389999990,34.422287496199999
55, ,6970, ,Building 6970,0,-119.874614157000000,34.412223512899999
56, ,726, ,West Apartment 726,2,-119.872366560000000,34.418631913200002
57, ,560, ,Phelps Hall,7,-119.844272444000000,34.415810035200003
58, ,378, ,Communication Trailer,1,-119.852824904000000,34.422472405900002
59, ,575, ,Cloud Research Lab,1,-119.843065756000000,34.413443112499998
60, ,916, ,Building 916,0,-119.871444307000000,34.411598740000002
61, ,766, ,Storke Apartments 766,3,-119.862406969000010,34.422460134100000
62, ,1877, ,Building 1877,0,-119.867513367000000,34.418753426000002
63, ,583, ,Bird Aviary,1,-119.855255306999990,34.420137789599998
64, ,965, ,Sierra Nevada Aquatics Research Lab Garage,1,-119.870367329000000,34.411980910499999
65, ,849, ,San Clemente Bradbury 849 Apartments,3,-119.855811848000000,34.418269433299997
66, ,515, ,Humanities and Social Sciences Building,8,-119.850803443999990,34.413306851599998
67, ,380, ,Engineering Trailer 380,1,-119.842837372000010,34.413723730699999
68, ,672, ,Physical Sciences South,2,-119.842601590000000,34.414552030899998
69, ,503, ,Engineering II,4,-119.841366300000000,34.414504391199998
70, ,1875, ,Building 1875,0,-119.867867817999990,34.419057602700001
71, ,552, ,Cheadle Hall,7,-119.846502695000000,34.416263193399999
72, ,826, ,Santa Ynez Apartments 826,2,-119.860737173999990,34.419359192000002
73, ,928, ,Building 928,0,-119.871446668000000,34.421640847299997
74, ,514, ,Ocean Science Education Building,0,-119.842186534000010,34.411999785299997
75, ,512, ,Building 512,0,-119.844682862000000,34.413109892900003
76, , , , ,0,-119.879456910000000,34.423174187500003
77, , , , ,0,-119.879007767999990,34.423083739799999
78, , , , ,0,-119.878705615000000,34.422917953899997
79, , , , ,0,-119.878557033000010,34.422744259700004
80, , , , ,0,-119.878398690000000,34.422575608999999
81, , , , ,0,-119.878153875000000,34.422497419400003
82, , , , ,0,-119.877891426999990,34.422372481399997
83, , , , ,0,-119.878036385000000,34.422169141099999
84, ,919, ,Building 919,0,-119.871962418000000,34.411618787400002
85, ,794, ,Storke Apartments 794,2,-119.864584143000000,34.421257083999997
86, ,802, ,Storage Bunker 802,1,-119.853352429000000,34.422666446199997
87, ,921, ,Building 921,0,-119.871402098999990,34.411976978600002
88, ,578, ,Harder Office,1,-119.854655587000000,34.419720898500003
89, ,319, ,Relocatable 319,1,-119.843715063999990,34.408115367100002
90, ,720, ,West Apartment 720,2,-119.871465207000000,34.418999297100001
91, ,976, ,Building 976,0,-119.870328867000000,34.411233512300001
92, ,735, ,West Apartment 735,2,-119.872849063999990,34.419172439199997
93, ,7961, ,DEV7961,1,-119.873581015000000,34.410569470600002
94, ,816, ,Santa Ynez Apartments 816,2,-119.861292670000000,34.419140462300000
95, ,340, ,Facilities Management Building 340,1,-119.853144734000000,34.422796056700001
96, ,362, ,West Cliff House,1,-119.878633890000000,34.407450369199999
97, ,276, ,Social Sciences & Media Studies,4,-119.849647468000000,34.414950455700001
98, ,534, ,Arts,3,-119.849615657000000,34.412455184499997
99, ,926, ,Building 926,0,-119.871364507000000,34.412470969600001
100, ,710, ,West Apartment 711,2,-119.870691034999990,34.418997058300000
101, ,526, ,Webb Hall,3,-119.843722699000000,34.413389874099998
102, ,375, ,Transportation Services,1,-119.852153284000000,34.420768228699998
103, ,336, ,Central Garage Office,1,-119.852056260000000,34.420467048699997
104, ,805, ,Santa Ynez Apartments 805,2,-119.863443706000000,34.417825264100003
105, ,796, ,Storke Apartments 796,2,-119.864244861000000,34.420845540599998
106, , , , ,0,-119.858438310000000,34.417655673699997
107, ,437, ,Facilities Management Building 437,1,-119.852374104000010,34.420255500300001
108, ,792, ,Storke Apartments 792,3,-119.862866375000000,34.423187361300002
109, ,929, ,Building 929,0,-119.871052469000010,34.421491286600002
110, ,580, ,Harder Stadium,2,-119.853792157000000,34.420431729299999
111, ,964, ,Sierra Nevada Aquatics Research Lab Headquarters,2,-119.870367449000000,34.412099627600000
112, ,715, ,West Apartment 715,2,-119.871684044999990,34.418227208899999
113, ,557, ,Chemistry,5,-119.842637636000010,34.415438254100003
114, ,823, ,Santa Ynez Activities 823,1,-119.862001109999990,34.418011880300000
115, ,912, ,Building 912,0,-119.871938349000000,34.411348723000003
116, ,7020, ,DEV7020,1,-119.875557525000000,34.410879839700002
117, ,724, ,West Apartment 724,2,-119.872418916000000,34.418311032399998
118, ,364, ,West Staff Residence,1,-119.869722512000000,34.414660083299999
119, ,797, ,Storke Apartments 797,2,-119.864440079000000,34.420682942399999
120, ,591, ,Kerr Hall,2,-119.846841793000000,34.414541012999997
121, ,275, ,Education Building,4,-119.850529492000010,34.415294198700003
122, ,341, ,Building 341,0,-119.852822800000000,34.422647881099998
123, ,880, ,Manzanita Village Arguello Residence Hall,4,-119.852613193000000,34.409291935500001
124, ,7950, ,Building 7950,0,-119.873494967000000,34.413174789300001
125, ,827, ,Santa Ynez Apartments 827,2,-119.860755858999990,34.419623345300003
126, ,943, ,Building 943,0,-119.870980374000000,34.412724897799997
127, ,922, ,Building 922,0,-119.871226405000000,34.412076658399997
128, ,576, ,Building 576,1,-119.851464123000000,34.418013895500003
129, ,817, ,Santa Ynez Laundry,1,-119.862233470000010,34.418932109399996
130, ,599, ,Student Services,1,-119.849226200999990,34.413283554899998
131, ,657, ,Physical Sciences North,5,-119.843661194000010,34.415381888900001
132, ,915, ,Building 915,0,-119.871454275999990,34.411491211200001
133, ,317, ,Police 317,1,-119.852826933000000,34.422032345300003
134, ,502, ,Beach Pump,1,-119.843702849000000,34.406696037200000
135, ,334, ,Marine Science Institute Trailer 334,1,-119.843851680000000,34.407775971600003
136, ,354, ,West Creative 354,1,-119.870256811000000,34.415064083200001
137, ,597, ,First Aid Hostel,1,-119.852793856000010,34.417965965199997
138, ,527, ,Santa Rosa Residence Hall,2,-119.845252962000000,34.410520729900000
139, ,388, ,Parking Services 2,1,-119.852679925000000,34.419689940300003
140, ,235, ,Life Sciences,4,-119.843677219000000,34.411875321200000
141, ,7097, ,West Cottage 7097,1,-119.876392196000000,34.409861727600003
142, ,763, ,Storke Apartments 763,3,-119.863638342000000,34.422758563599999
143, ,906, ,Building 906,0,-119.870747184000000,34.411440583299999
144, ,773, ,Storke Apartments 773,3,-119.862826342000010,34.421815927700003
145, ,721, ,West Apartment 721,2,-119.872248393000010,34.417731957100003
146, ,1871, ,Building 1871,0,-119.868512374000010,34.418897234799999
147, ,516,Pavillion Gym,Recreation Center,1,-119.848924525000000,34.419088401200000
148, ,781, ,Storke Apartments 781,3,-119.864396052999990,34.422667666999999
149, ,489, ,Building 489,1,-119.843026996000010,34.416329564199998
150, ,736, ,West Office and Laundry,1,-119.871214917000000,34.418778265400000
151, ,574, ,Public Safety,2,-119.852914858000010,34.421812649099998
152, ,7040, ,Building 7040,0,-119.876159240000010,34.411119061599997
153, ,718, ,West Apartment 718,2,-119.871872993000000,34.418641202099998
154, ,7045, ,Building 7045,0,-119.875777445000000,34.409910831099999
155, ,956, ,Sierra Nevada Residence 5,1,-119.869866895000000,34.412684962800000
156, ,501, ,Arbor Convenience Store,1,-119.846520697000000,34.414142200000001
157, ,221, ,Student Resource Building,3,-119.852781390000000,34.412722836999997
158, ,507, ,Central Receiving Storehouse and Mail Facility,1,-119.856904915000000,34.423137290299998
159, ,546, ,Woodhouse Lab,2,-119.842726484000000,34.413372448099999
160, ,7015, ,DEV7015,1,-119.875512638000000,34.409857609699998
161, ,563, ,Ellison Hall,8,-119.845257278000010,34.415559375999997
162, ,717, ,West Apartment 717,2,-119.871854822000000,34.418459769499997
163, ,1122, ,Sierra Madre Berryessa Village,3,-119.870515760999990,34.419955180999999
164, , , , ,0,-119.879959959999990,34.422313128399999
165, , , , ,0,-119.879799832000000,34.422181392200002
166, , , , ,0,-119.879587297000000,34.421893217399997
167, , , , ,0,-119.879908502000010,34.421702950600000
168, , , , ,0,-119.879970646000000,34.421894139400003
169, , , , ,0,-119.880196647000010,34.422138776300002
170, , , , ,0,-119.880523581000010,34.422289166600002
171, , , , ,0,-119.880838499000010,34.422409469400002
172, , , , ,0,-119.882283699000000,34.422339039800001
173, , , , ,0,-119.879510491000000,34.422147142800000
174, , , , ,0,-119.879544012000000,34.422014199600000
175, , , , ,0,-119.879599730000000,34.421733749700003
176, , , , ,0,-119.880053000999990,34.422011303300003
177, , , , ,0,-119.880341172000000,34.422189545599998
178, , , , ,0,-119.880677406999990,34.422392744500002
179, , , , ,0,-119.881249259000000,34.422265822100002
180, ,532, ,Coral Tree Cafe,1,-119.846750425000000,34.415799968100004
181, ,573, ,Buchanan Hall,2,-119.844558452000000,34.415443106799998
182, ,379, ,Communication Trailer 2,1,-119.853326878999990,34.422526804199997
183, ,831, ,Santa Ynez Activities 831,1,-119.861226329000000,34.420202502599999
184, , , ,Engineering Trailer 939,1,-119.843928510000000,34.414079624899998
185, ,928, ,Building 928,0,-119.871594970999990,34.412204057099999
186, ,886, ,Manzanita Village Tepusquet Residence Hall,3,-119.851429248000000,34.408940004500003
187, ,7945, ,West 7945,1,-119.873392851000010,34.411898801100001
188, ,7055, ,DEV7055,3,-119.876306894000000,34.410497638800003
189, ,727, ,West Apartment 727,2,-119.872278389000000,34.418888751399997
190, ,936, ,Engineering Trailer 936,1,-119.843500918999990,34.416076470299998
191, ,6960, ,Building 6960,0,-119.874345672000000,34.412706880599998
192, ,521, ,Bren Hall,5,-119.842148411000000,34.413193844200002
193, ,699, ,Engineering Trailer 699,1,-119.842635169999990,34.413707317899998
194, ,1862, ,Building 1862,0,-119.869226540000000,34.417892873400000
195, ,7075, ,Building 7075,0,-119.876908417000000,34.410016304899997
196, ,764, ,Storke Apartments 764,3,-119.864218073000000,34.422198533100001
197, ,7900, ,Building 7900,0,-119.872203075000000,34.412274508899998
198, ,545, ,Recreation Restrooms and Storage,1,-119.852821023999990,34.417663141799999
199, ,765, ,Storke Apartments 765,3,-119.864516353000000,34.422339642300003
200, ,789, ,Storke Apartments 789,3,-119.862839104000000,34.422076999600002
201, ,909, ,Building 909,0,-119.870824070000000,34.411838274899999
202, ,1123, ,Sierra Madre Toluca Village,3,-119.870708846000000,34.420410113300001
203, ,719, ,West Apartment 719,2,-119.871852290000010,34.418813584900001
204, ,822, ,Santa Ynez Apartments 822,2,-119.861462493000000,34.418166317100003
205, ,713, ,West Apartment 713,2,-119.871470891000000,34.417708889300002
206, ,1882, ,Building 1882,0,-119.866827251999990,34.418778870499999
207, ,372, ,Chemistry Trailer 372,1,-119.842404306000010,34.415659710800000
208, ,808, ,Santa Ynez Activities 808,1,-119.863249447000000,34.418356981099997
209, ,7085, ,Building 7085,0,-119.877280166000010,34.410546863199997
210, ,830, ,Santa Ynez Apartments 830,2,-119.860625889999990,34.419924714899999
211, ,768, ,Storke Apartments 768,3,-119.863020836999990,34.422134478200000
212, ,551, ,Psychology,3,-119.845066591999990,34.411936759600003
213, ,559, ,North Sewer Pump Station,3,-119.852266961000000,34.421618921600000
214, ,957, ,Sierra Nevada Aquatics Research Lab Storage,1,-119.869975941000010,34.412734088400001
215, ,0, , ,0,-119.870748406000000,34.412991775499997
216, ,505, ,Events Center,2,-119.851328821000000,34.413776849700000
217, ,828, ,Santa Ynez Apartments 828,2,-119.861694996000000,34.419801811100001
218, ,711, ,West Apartment 711,2,-119.870977181000000,34.419026293199998
219, ,807, ,Santa Ynez Apartments 807,2,-119.863485370000010,34.418368234900001
220, ,519, ,Marine Science Utility Building,1,-119.842380778000010,34.412247274099997
221, ,780, ,Storke Apartments 780,3,-119.863996811000010,34.422868613200002
222, ,820, ,Santa Ynez Apartments 820,2,-119.862296595000000,34.418303742500001
223, ,931, ,Building 931,0,-119.871286975999990,34.413165278500003
224, ,975, ,Building 975,0,-119.870474939999990,34.411403726600000
225, ,353, ,West Recreation Ath,1,-119.870246548000000,34.415340491300000
226, ,571, ,Biological Sciences II,8,-119.842617128000000,34.411994307400001
227, ,760, ,Storke Apartments 760,3,-119.864572730000010,34.422780685200003
228, ,537, ,Recreation Storage 537,1,-119.852460776000000,34.417158492699997
229, ,338, ,Marine Science Institute Trailer 338,1,-119.843921022000000,34.407784311800000
230, ,550, ,Beach Pump House,1,-119.843102827000000,34.407202125200001
231, ,698, ,Engineering Trailer 698,1,-119.842406287000000,34.413714752899999
232, ,1878, ,Building 1878,0,-119.867148548000000,34.418835924900002
233, ,366, ,Coil Oil Point Reserve Staff Trailer,1,-119.878508120000010,34.408305626100002
234, ,594, ,Facilities Management Shop,1,-119.853065847000000,34.421125680300001
235, ,951, ,Sierra Nevada Aquatics Research Lab,1,-119.870274827000000,34.412771112599998
236, ,814, ,Santa Ynez Apartments 814,2,-119.862163603000000,34.419195778300001
237, ,821, ,Santa Ynez Apartments 821,2,-119.861627514000010,34.418367056000001
238, ,730, ,West Apartment 730,2,-119.872871798000010,34.417642233400002
239, ,809, ,Santa Ynez Apartments 809,1,-119.862970462000010,34.418321335100003
240, ,703, ,West Apartment 703,2,-119.870843772000000,34.417946608199998
241, ,1861, ,Building 1861,0,-119.867175391999990,34.417855304800000
242, ,1879, ,Building 1879,0,-119.867306627999990,34.418991578099998
243, ,7955, ,West 7955,1,-119.873329287000000,34.411531118699997
244, ,971, ,Building 971,0,-119.869930305000000,34.411492625299999
245, ,554, ,Theater & Dance East,3,-119.850649064000000,34.412588673199998
246, ,978, ,Building 978,0,-119.870043816000010,34.411212920899999
247, ,795, ,Storke Apartments 795,2,-119.864780812000010,34.420916467799998
248, ,584, ,Facilities Management Storage 584,1,-119.852544300000010,34.421033600400001
249, ,754, ,West Heater 754,1,-119.872265885999990,34.419083336900002
250, ,905, ,Building 905,0,-119.870948188000000,34.411277719799997
251, ,555, ,Marine Biotechnology Lab,3,-119.843208293999990,34.407927903999997
252, ,266, ,Elings Hall,4,-119.839975910000010,34.415364044100002
253, ,790, ,Storke Apartments 790,2,-119.862347024000000,34.421743598299997
254, ,442, ,Greenhouse 442,0,-119.843547658000010,34.413119398399999
255, ,541, ,Greenhouse 541,1,-119.843386042000010,34.413114684999996
256, ,443, ,Greenhouse 443,0,-119.843123518000000,34.413115021599999
257, ,0, , ,0,-119.851217809000000,34.419008237699998
258, ,995, ,Building 995,0,-119.860893852000000,34.424589013599999
259, , , , ,0,-119.861324225999990,34.424953927600001
260, ,994, ,Building 994,0,-119.861147568000010,34.424780003199999
261, ,902, ,Building 902,0,-119.871255519000000,34.411568365900003
262, ,363, ,Coil Oil Point Reserve Office,1,-119.878257512000000,34.407722545900000
263, ,925, ,Building 925,0,-119.871186097000010,34.412374399599997
264, ,1121, ,Sierra Madre Laguna Village,3,-119.870722279000010,34.419460184599998
265, ,1880, ,Building 1880,0,-119.867011838000000,34.419047734199999
266, ,723, ,West Apartment 723,2,-119.872036259000000,34.418222771700002
267, ,784, ,Storke Apartments 784,3,-119.863230763999990,34.422993111899999
268, ,702, ,West Apartment 702,2,-119.871174290000000,34.417706219999999
269, ,791, ,Storke Apartments 791,2,-119.862486648000000,34.421568984600000
270, ,914, ,Building 914,0,-119.871653505000000,34.411328332399997
271, ,888, ,Manzanita Village Zaca Residence Hall,3,-119.851274548000010,34.409440815899998
272, ,300, ,Campus Learning Resources Building,1,-119.848119063000000,34.414082866400001
273, ,889, ,Manzanita Village Camuesa Residence Hall,3,-119.851663421000000,34.409554824399997
274, ,570, ,Chemistry Annex,1,-119.843472059000010,34.416472733299997
275, ,348, ,Facilities Management Storage 348,1,-119.852600251000000,34.420073415600001
276, ,367, ,West Storage 367,1,-119.870577221999990,34.414543690099997
277, ,948, ,Isla Vista Theater,0,-119.854969346000000,34.411346574400000
278, ,355, ,Orfalea Family Children's Center,1,-119.870812847000000,34.415118303600003
279, ,734, ,West Apartment 734,2,-119.872868358000010,34.418860744699998
280, ,558,UCEN,University Center,3,-119.847878200000000,34.411562376399999
281, ,779, ,Storke Apartments 779,3,-119.864020930000000,34.421293808100003
282, ,944, ,Cachuma Boat House,1,-119.870870164000000,34.412600825299997
283, ,955, ,Sierra Nevada ARL Residence 4,1,-119.869936839999990,34.412467910899998
284, ,775, ,Storke Apartments 775,3,-119.863790814000000,34.421325190200001
285, ,438, ,Building 438,0,-119.858578356000000,34.420186564500000
286, ,938, ,Building 938,0,-119.871094019000000,34.412938816699999
287, ,0, , ,0,-119.857837725000000,34.416718047800003
288, ,0, , ,0,-119.856341638999990,34.411705389700003
289, ,834, ,Building 834,0,-119.859188101000000,34.417736030299999
290, ,722, ,West Apartment 722,2,-119.872421703000000,34.418028502600002
291, ,556, ,Harold Frank Hall,6,-119.841414295000010,34.413768644800001
292, ,342, ,Marine Science Institude Trailer 342,1,-119.843860705000000,34.407980766599998
293, ,510, ,Central Garage Storage (Car Wash Building),1,-119.852043968000000,34.420246934900000
294, ,520, ,Marine Science Building,5,-119.842339022999990,34.412566163400001
295, ,839, ,San Clemente Parking IV,5,-119.854068067000000,34.418179105199997
296, ,7035, ,Building 7035,0,-119.875771985000000,34.410261707899998
297, ,568, ,Student Affairs and Administrative Services,5,-119.847274787000000,34.416129239100002
298, ,963, ,Sierra Nevada Aquatics Research Dormitory,1,-119.870179460000000,34.412261762000000
299, ,525, ,Davidson Library,10,-119.845474603000000,34.413776714199997
300, ,923, ,Building 923,0,-119.871167791000000,34.412112645400001
301, ,935, ,935,1,-119.871541916000000,34.412713380000000
302, ,759, ,Storke Apartments 759,3,-119.864005057000000,34.423035811200002
303, ,7940, ,West House 7940,1,-119.873386071000000,34.412998705900002
304, ,531, ,Music,4,-119.847128928000000,34.412163412699996
305, ,1873, ,Building 1873,0,-119.868246787999990,34.418836075300000
306, ,968, ,Building 968,0,-119.869864519000000,34.411978860500000
307, ,934, ,Building 934,0,-119.871610774999990,34.412818038499999
308, ,387, ,Modular Classroom 387,1,-119.845658714000000,34.411968692599999
309, ,932, ,Building 932,0,-119.871378793999990,34.413082139499998
310, ,798, ,Storke Apartments 798,2,-119.864780092000000,34.420448002999997
311, ,942, ,942,1,-119.870888388000000,34.412935817200001
312, ,7966, ,DEV7966,1,-119.874244550000000,34.410544812799998
313, ,954, ,Sierra Nevada ARL Residence 3,1,-119.869995223000000,34.412432444700002
314, ,697, ,Engineering Trailer 697,1,-119.842727104000010,34.413707324900003
315, ,1126, ,Sierra Madre Miramar Center,1,-119.870766387000000,34.419936213900002
316, ,595, ,Central Garage,2,-119.851837159000000,34.420495431200003
317, ,402, ,Building 402,2,-119.844749355000000,34.416799805300002
318, ,762, ,Storke Apartments 762,3,-119.863576975000000,34.422521115999999
319, ,517, ,Mosher Alumno House,3,-119.845489240000010,34.417378046000003
320, ,543, ,University House,1,-119.843878084000000,34.408978459600000
321, ,7095, ,West Cottage 7095,1,-119.876765457000000,34.409831220000001
322, ,783, ,Storke Apartments 783,3,-119.863920674000000,34.422093638299998
323, ,890, ,Manzanita Village Pendola Residence Hall,4,-119.852024930000000,34.409632057099998
324, ,553, ,San Miguel Residence Hall,10,-119.847080082999990,34.410215883399999
325, , , ,Engineering Trailer 942,1,-119.843923296000000,34.413942191300002
326, ,947, ,Westgate Apartments,2,-119.870462868000000,34.412845258300003
327, ,529, ,Main Sewer Pump,3,-119.836490613000000,34.415736621500002
328, ,360, ,West Animal Compound,1,-119.870789797000000,34.414542024100001
329, ,588, ,Student Health,1,-119.852620404000010,34.415455933200001
330, ,885, ,Manzanita Village Montecito Residence Hall,3,-119.851581749000000,34.409270341300001
331, ,952, ,Sierra Nevada ARL Residence 1,1,-119.870309025000000,34.412525256599999
332, ,542, ,Ortega Dining Commons,2,-119.846975029000010,34.410985941600003
333, ,961, ,Snarl Green Church,1,-119.869894079999990,34.412261046600001
334, ,819, ,Santa Ynez Apartments 819,2,-119.861329088000010,34.418880950099997
335, ,504, ,Bio Science Instructional Facility,3,-119.843156175000000,34.412178521800001
336, ,254, ,Parking III (aka Parking 22),7,-119.852587599000000,34.413601401999998
337, ,770, ,Storke Apartments 770,3,-119.863954185000000,34.421631672499998
338, ,1881, ,Building 1881,0,-119.866788159000000,34.418909870500002
339, ,7930, ,Building 7930,0,-119.873135063000010,34.413261115200001
340, ,769, ,Storke Apartments 769,3,-119.864146214000000,34.421808267199999
341, ,737, ,West Laundry,1,-119.872548498000000,34.417868825600003
342, ,250, ,Mesa Parking (aka Parking 18),4,-119.847624893000000,34.417490491300001
343, ,878, ,Manzanita Village Cienega Residence Hall,4,-119.853213008000000,34.409089965400000
344, ,6990, ,Building 6990,0,-119.873949967000000,34.411745255200003
345, ,588,UCEN,Multi-Cultural Center,2,-119.846617636000000,34.411546213500003
346, ,516, ,Recreation Center,2,-119.849023229000000,34.418206076700002
347, ,352, ,West Art 352 - Child Care,1,-119.870200138000000,34.416130943399999
348, ,587, ,San Rafael Cluster,3,-119.852490264000000,34.410722397500003
349, ,813, ,Santa Ynez Apartments 813,2,-119.861822558000000,34.419400353100002
350, ,7905, ,Building 7905,0,-119.872390662000000,34.413118430499999
351, ,829, ,Santa Ynez apartments 829,2,-119.861404386000000,34.419912098200001
352, ,252, ,Parking II (aka Parking 10),5,-119.840525556000000,34.415327344100000
353, ,547, ,Anacapa Residence Hall,2,-119.843015941999990,34.411036254899997
354, ,911, ,Building 911,0,-119.872078071000000,34.411358787499999
355, ,7920, ,Building 7920,0,-119.872907234000000,34.413245634699997
356, ,708, ,West Apartment 708,2,-119.871318805000000,34.418572994300000
357, ,533,Rob Gym,Robertson Gym,3,-119.849236285000000,34.416178932999998
358, ,972, ,972,1,-119.870108845999990,34.411664652200002
359, ,322, ,Relocatable 322,1,-119.845353389000000,34.410780800799998
360, ,565, ,Environmental Health and Safety,2,-119.850592236000000,34.420337328599999
361, ,793, ,Storke Apartments 793,3,-119.862188974000010,34.422255563199997
362, ,7060, ,Building 7060,0,-119.876583276999990,34.411246797099999
363, ,477, ,Building 477,1,-119.848477053000000,34.413644247199997
364, ,370, ,Facilities Management Trailer 370,1,-119.852537966000000,34.420144467900002
365, ,1125, ,Sierra Madre Havasu Village,3,-119.872258227000000,34.419769639000002
366, ,728, ,West Apartment 728,2,-119.872384283000000,34.419171843999997
367, ,1864, ,Building 1864,0,-119.869219097000000,34.418541657200002
368, ,887, ,Manzanita Village Rincon Residence Hall,3,-119.851329865000000,34.408588268700001
369, ,451, ,Building 451,1,-119.843641490000000,34.416814083299997
370, ,324, ,Bike Shop,1,-119.849320327000000,34.414399474800000
371, ,7965, ,DEV7965,1,-119.873286766000010,34.410461390999998
372, ,357, ,West Leisure Service Storage,2,-119.869961374000000,34.414500494400002
373, ,946, ,Westwinds Apartments,0,-119.870551516000010,34.412633934500001
374, ,881, ,Manzanita Village Miranda Residence Hall,3,-119.852480064999990,34.408848394000003
375, ,974, ,Building 974,0,-119.870464852000000,34.411510365300003
376, ,577, ,Baseball Lockers,1,-119.851886742999990,34.418109793299998
377, ,706, ,West Apartment 706,2,-119.870843802000000,34.418163480099999
378, ,877, ,Manzanita Village Tecolote Residence Hall,3,-119.853095846000000,34.408756638900002
379, ,465, ,Aquarium Facility,2,-119.843466895000010,34.407642888700003
380, ,583, ,Bird Aviary,1,-119.858195445000010,34.420099160299998
381, ,567, ,Kohn Hall,2,-119.840454941999990,34.414430953199997
382, ,569, ,Biology Research Lab,2,-119.843661603000000,34.412901581100002
383, ,535, ,North Hall,3,-119.846374315000010,34.414893587199998
384, ,776, ,Storke Apartments 776,2,-119.864786470000000,34.422390007700002
385, ,615, ,Materials Research Lab,4,-119.841571869000010,34.414151670000003
386, ,811, ,Santa Ynez Apartments 811,2,-119.863538017000000,34.418876201400003
387, ,771, ,Storke Apartments 771,3,-119.862319043000000,34.422065747100000
388, ,1874, ,Building 1874,0,-119.867964742000000,34.418835314500001
389, ,220, ,Building 220,1,-119.851243862000000,34.419224074100001
390, , , ,Engineering Trailer 937,1,-119.843923020000010,34.414198800900003
391, ,359, ,West Storage 359,1,-119.869992354000000,34.414753266399998
392, ,1876, ,Building 1876,0,-119.867563969000000,34.418993166400000
393, ,205, ,Filter / Reservoir House,1,-119.843255349000000,34.407496126700003
394, ,825, ,Santa Ynez Apartments 825,2,-119.861823144000000,34.417889954400003
395, ,7910, ,Building 7910,0,-119.872024792000000,34.412619814499998
396, ,530, ,Centennial House Conference Facility,1,-119.843577404000000,34.409067297400000
397, ,973, ,Building 973,0,-119.870247357000000,34.411674790699998
398, ,479, ,Old Gym and Pool,1,-119.848160222999990,34.414558135500002
399, ,540, ,Greenhouse 540,1,-119.843325039000010,34.412858675899997
400, ,777, ,Storke Apartments 777,3,-119.864453401000010,34.421942673600000
401, ,6980, ,Building 6980,0,-119.874156751000000,34.412040587500002
402, ,879, ,Manzanita Village Jalama Residence Hall,4,-119.852967996999990,34.409291941699998
403, ,824, ,Santa Ynez Apartments 824,2,-119.862594902000000,34.417930298700000
404, ,585, ,North Water Pump Station,1,-119.853812967000000,34.421602438500003
405, ,544, ,Noble Hall,2,-119.843758152000010,34.412582796099997
406, ,761, ,Storke Apartments 761,3,-119.862894549999990,34.422965448200003
407, ,882, ,Manzanita Village Gaviota Residence Hall,3,-119.851880154000000,34.408667091900000
408, ,549, ,De La Guerra Dining Commons,2,-119.844945206000010,34.409649313199999
409, ,892, ,Manzanita Village Madulce Residence Hall,3,-119.851795198999990,34.410210382599999
410, ,785, ,Storke Apartments 785,3,-119.863503353000000,34.422981973900001
411, ,381, ,Parking Services,1,-119.852905577000000,34.419652556599999
412, ,7985, ,Building 7985,0,-119.872718727000010,34.411823331699999
413, ,351, ,Building 351,1,-119.870140395000010,34.416537298300000
414, ,875, ,Manzanita Village De Anza Residence Hall,3,-119.852815000000010,34.409597017999999
415, ,522, ,Building 522,1,-119.852676688000000,34.418498468400003
416, ,903, ,Building 903,0,-119.871265424000000,34.411458971700000
417, ,225, ,Engineering Science,3,-119.841269942000000,34.415584418599998
418, ,562, ,Carillo Dining Commons,3,-119.852776136000000,34.409973193299997
419, ,439, ,Facilities Management Building 439,1,-119.852893638000000,34.420567505599998
420, , , , ,0,-119.878467749000000,34.421846191299998
421, , , , ,0,-119.878482015000000,34.422027057000001
422, , , , ,0,-119.878509963000000,34.422207484399998
423, , , , ,0,-119.878672910000010,34.422434820799999
424, , , , ,0,-119.878893912000000,34.422677938900001
425, , , , ,0,-119.880823650000000,34.423093490399999
426, , , , ,0,-119.880980846000000,34.422931394400003
427, , , , ,0,-119.880765704000000,34.422804949000003
428, , , , ,0,-119.880441756000000,34.422918971900003
429, , , , ,0,-119.880315877000000,34.422763266200000
430, , , , ,0,-119.880316033000000,34.422470994299999
431, , , , ,0,-119.880086723999990,34.422457465800001
432, ,945, ,El Dorado Apartments,2,-119.861220153999990,34.416429782599998
433, ,946, ,Westwinds Apartments,0,-119.860784807000000,34.416783284099999
434, ,949, ,Pardall Center,0,-119.856145649000000,34.413313051599999
435, , ,0,Tropicana Del Norte,3,-119.854753898000000,34.416929971300000
436, ,998, ,Building #998,0,-119.853858448000000,34.411306216200003
437, ,7010, ,Building 7010,0,-119.875332169999990,34.410424421899997
438, ,593, ,Building 593,0,-119.852846430000000,34.421323487499997
439, ,1866, ,Building 1866,0,-119.869341691000000,34.419067758499999
440, ,918, ,Building 918,0,-119.871761026000000,34.411783134700002
441, ,977, ,Building 977,0,-119.870190190000000,34.411223521600000
442, ,7070, ,Building 7070,0,-119.876670433000000,34.411006006599997
443, ,893, ,Manzanita Village Figueroa Residence Hall,3,-119.851400512000000,34.410330719299999
444, ,979, ,Building 979,0,-119.869905457000000,34.411203127900002
445, ,243,ICA,Intercollegiate Athletics,2,-119.850457965999990,34.415870492899998
446, ,200, ,The Reef,1,-119.843538278000000,34.407498153699997
447, ,799, ,Storke Apt Community Bldg 799,1,-119.863418182000000,34.421247219400001
448, ,953, ,Sierra Nevada ARL Residence 2,1,-119.870295935000000,34.412454684700002
449, ,701, ,West Apartment 701,2,-119.871417935000000,34.418754734099998
450, ,732, ,West Apartment 732,2,-119.872853155000000,34.418651498199999
451, ,936, ,Engineering Trailer 936,1,-119.843501264000000,34.416170676699998
452, ,812, ,Santa Ynez Apartments 812,2,-119.862474173000000,34.419476121199999
453, ,729, ,West Apartment 729,2,-119.872554916000000,34.417685466099996
454, ,586, ,San Rafael Tower,9,-119.852874477000000,34.410958218899999
455, ,941, ,Embarcadero Hall,2,-119.855754821999990,34.412091787599998
456, ,701, ,West Apartment 701,2,-119.871007955000000,34.418070143900003
457, ,972, ,Facilities Management Trailer 972,1,-119.852858870000010,34.420190055200003
458, ,945, ,El Dorado Apartments,2,-119.870608602999990,34.412598567400003
459, ,716, ,West Apartment 716,2,-119.871464196999990,34.418321112299999
460, ,1869, ,Building 1869,0,-119.868824565000000,34.418999228700002
461, ,1872, ,Building 1872,0,-119.868262927000000,34.419061214400003
462, ,548, ,Santa Cruz Residence Hall,2,-119.843439159000000,34.409901760399997
463, ,528, ,South Hall,7,-119.847508847000000,34.413372518400003
464, ,434, ,Building 434,1,-119.848431439000000,34.413343855199997
465, ,1868, ,Building 1868,0,-119.868650934000000,34.418738659299997
466, , , , ,0,-119.842403635000000,34.415660343100001
467, ,589, ,Storke Publications,4,-119.848247779999990,34.412538833399999
468, ,358, ,West Leisure Service Stable (Red Barn),1,-119.869766596999990,34.414033440399997
469, ,962, ,Building 962,0,-119.870037805000000,34.412261256800001
470, ,731, ,West Apartment 731,2,-119.872871798000010,34.417850055599999
471, ,1867, ,Building 1867,0,-119.869047221000000,34.418936224299998
472, ,577, ,Baseball Lockers,1,-119.852862778000000,34.418887979799997
473, ,371, ,Facilities Management Trailer 371,1,-119.852900074000000,34.420362508200000
474, ,1124, ,Sierra Madre Nacimiento Village,3,-119.871329858000000,34.420221492400003
475, ,564, ,Girvetz Hall,2,-119.846885626000000,34.413298846899998
476, ,913, ,Building 913,0,-119.871792185000000,34.411338132899999
477, ,936, ,936,1,-119.871239230000000,34.412693280799999
478, ,7915, ,Building 7915,0,-119.872967540000000,34.412542312299998
479, ,891, ,Manzanita Village Cuyama Residence Hall,4,-119.852023641000000,34.409943644499997
480, ,1870, ,Building 1870,0,-119.868548418000000,34.419059619499997
481, ,7935, ,West 7935,1,-119.873128188000000,34.412008964999998
482, ,7025, ,Building 7025,0,-119.875390735000000,34.410040892799998
483, ,572, ,Broida Hall,8,-119.843101155000000,34.414091238899999
484, ,536, ,Building 536,0,-119.851992042000010,34.420082332200003
485, ,361, ,West Creative 361,1,-119.877822055000000,34.407933192000002
486, ,774, ,Storke Apartments 774,2,-119.862722068000000,34.421629912299998
487, ,733, ,West Apartment 733,2,-119.872500992000000,34.418891993400003
488, ,1120, ,Sierra Madre Recreation Center,1,-119.871090018000000,34.420084207899997
489, ,1865, ,Building 1865,0,-119.869423660000000,34.418826750800001
490, ,947, ,Westgate Apartments,2,-119.855602383999990,34.416913103799999
491, ,561, ,San Nicholas Residence Hall,10,-119.846147059000000,34.409526858600003
492, ,511, ,Multi-Activity Center,2,-119.850432428000000,34.418960991200002
493, ,884, ,Manzanita Village La Cumbre Residence Hall,4,-119.851948441999990,34.409291490000001
494, ,907, ,Building 907,0,-119.870737220000000,34.411548214699998
495, ,701, ,West Apartment 701,2,-119.870845389000000,34.417632064300001
496, ,494, ,Creative Studies,1,-119.845824909000000,34.411093771499999
497, , , , ,0,-119.851374028000000,34.419452051900002
498, , , , ,0,-119.878795676000000,34.407559185300002
499, , , , ,0,-119.878093797999990,34.408145730100003
500, , , , ,0,-119.878236853999990,34.408135302799998
501, , , , ,0,-119.878293383000000,34.408142705499998
502, , , , ,0,-119.878203717000010,34.408193673400000
503, , , , ,0,-119.878589754000000,34.408160790099998
504, , , , ,0,-119.878556950999990,34.408077747400000
505, , , , ,0,-119.878463931000000,34.408036942800003
506, , , , ,0,-119.878231693999990,34.407929817999999
507, , , , ,0,-119.878123239999990,34.407940766099998
508, , , , ,0,-119.878275095000010,34.408075360799998
509, , , , ,0,-119.878301859000000,34.408001603400002
510, , , , ,0,-119.878027567000000,34.408231811599997
511, , , , ,0,-119.878093385000000,34.407771273999998
512, , , , ,0,-119.869163411000000,34.418077234700000
513, , , , ,0,-119.868976982000010,34.418044569000003
514, , , , ,0,-119.869410708999990,34.417981946600001
515, , , , ,0,-119.851269216000010,34.412009826000002
516, , , , ,0,-119.875640974000010,34.411073392600002
517, ,406, ,Chicano Students Center,2,-119.844377317000000,34.414198253899997